Activity;Case ID;Duration;Event_Nr
Start Process;1001;3.2077488642630536;1
Start Process;1002;3.3008116536049528;1
Start Process;1003;6.397820933254441;1
